,ESG_Policy_Strength,Market_Risk_Index,ROI (%),Carbon_Reduction (kT),Debt_to_Equity_Ratio
count,100.0,100.0,100.0,100.0,100.0
mean,5.400800000000001,52.2975,6.870500000000001,324.6890000000001,0.9485000000000002
std,2.6385237225280798,29.952614744801583,2.7847388485359725,122.00874608077088,0.3474884635829401
min,1.05,0.51,2.14,104.9,0.41
25%,3.1750000000000003,24.3475,4.7775,236.1,0.59
50%,5.460000000000001,56.92,7.135,334.85,0.94
75%,7.85,75.485,9.02,437.575,1.255
max,9.88,99.01,11.76,499.9,1.49
